5339,Del Oct,14:26.9,-83:40,4.32
8630,Bet Oct,22:46.1,-81:23,4.15
5303,Eta Aps,14:18.2,-81:0,4.91
4234,Del2Cha,10:45.8,-80:32,4.45
4674,Bet Cha,12:18.3,-79:19,4.26
5470,Alp Aps,14:47.9,-79:3,3.83
6102,Gam Aps,16:33.5,-78:54,3.89
6020,Del1Aps,16:20.3,-78:42,4.68
4174,Gam Cha,10:35.5,-78:36,4.11
4583,Eps Cha,11:59.6,-78:13,4.91
6163,Bet Aps,16:43.1,-77:31,4.24
3340,The Cha,08:20.6,-77:29,4.35
8254,Nu Oct,21:41.5,-77:23,3.76
98,Bet Hyi,00:25.8,-77:15,2.80
9084,The Oct,00:1.6,-77:4,4.78
3318,Alp Cha,08:18.5,-76:55,4.07
872,Nu Hyi,02:50.5,-75:4,4.75
1208,Gam Hyi,03:47.2,-74:14,3.24
4102,,10:24.4,-74:2,4.00
4142,,10:31.0,-73:13,4.93
7590,Eps Pav,20:0.6,-72:55,3.96
3024,Zet Vol,07:41.8,-72:36,3.95
3643,,09:5.1,-72:36,4.48
4773,Gam Mus,12:32.5,-72:8,3.87
4138,,10:30.3,-71:60,4.74
4923,Del Mus,13:2.3,-71:33,3.62
6982,Zet Pav,18:43.0,-71:26,4.01
3642,,09:5.6,-70:32,4.71
2736,Gam2Vol,07:8.7,-70:30,3.78
4538,,11:49.9,-70:14,4.97
6098,Zet TrA,16:28.5,-70:5,4.91
4037,Ome Car,10:13.7,-70:2,3.32
3685,Bet Car,09:13.2,-69:43,1.68
4798,Alp Mus,12:37.2,-69:8,2.69
6217,Alp TrA,16:48.7,-69:2,1.92
377,Kap Tuc,01:15.8,-68:53,4.86
5671,Gam TrA,15:18.9,-68:41,2.89
705,Del Hyi,02:21.7,-68:40,4.09
3223,Eps Vol,08:7.9,-68:37,4.35
806,Eps Hyi,02:39.6,-68:16,4.11
4844,Bet Mus,12:46.3,-68:6,3.05
4671,Eps Mus,12:17.6,-67:58,4.11
2803,Del Vol,07:16.8,-67:57,3.98
4993,Eta Mus,13:15.2,-67:54,4.80
6417,Zet Aps,17:22.0,-67:46,4.78
570,Eta2Hyi,01:54.9,-67:39,4.69
837,Zet Hyi,02:45.5,-67:37,4.84
7107,Kap Pav,18:57.0,-67:14,4.44
1744,The Dor,05:13.8,-67:11,4.83
4089,,10:23.0,-66:54,4.99
4530,Mu Mus,11:48.2,-66:49,4.72
5002,,13:17.2,-66:47,4.87
4520,Lam Mus,11:45.6,-66:44,3.64
3615,Alp Vol,09:2.4,-66:24,4.00
5771,Eps TrA,15:36.7,-66:19,4.11
7913,Bet Pav,20:45.0,-66:12,3.42
7665,Del Pav,20:8.7,-66:11,3.56
3347,Bet Vol,08:25.7,-66:8,3.77
2015,Del Dor,05:44.8,-65:44,4.35
9076,Eps Tuc,23:59.9,-65:35,4.50
8181,Gam Pav,21:26.4,-65:22,4.22
4549,,11:51.9,-65:12,4.90
3890,Ups Car,09:47.1,-65:4,3.01
5463,Alp Cir,14:42.5,-64:59,3.19
8540,Del Tuc,22:27.3,-64:58,4.48
77,Zet Tuc,00:20.1,-64:52,4.23
7012,,18:45.4,-64:52,4.79
1175,Bet Ret,03:44.2,-64:48,3.85
6582,Eta Pav,17:45.7,-64:43,3.62
4616,Eta Cru,12:6.9,-64:37,4.15
5041,,13:24.0,-64:32,4.53
4196,,10:42.2,-64:28,4.82
4199,The Car,10:43.0,-64:24,2.76
4222,,10:46.9,-64:23,4.85
9062,Eta Tuc,23:57.6,-64:18,5.00
909,Bet Hor,02:58.8,-64:4,4.99
4679,Zet Cru,12:18.4,-64:0,4.04
4205,,10:44.1,-63:58,4.82
4537,,11:49.7,-63:47,4.32
5241,,13:57.6,-63:41,4.71
6030,Del TrA,16:15.4,-63:41,3.85
6745,Pi Pav,18:8.6,-63:40,4.35
5666,Eps Cir,15:17.6,-63:37,4.86
3159,,08:0.3,-63:34,4.82
5897,Bet TrA,15:55.1,-63:26,2.85
4599,The1Cru,12:3.0,-63:19,4.33
4603,The2Cru,12:4.3,-63:10,4.72
4729,,12:26.5,-63:7,4.86
4731,Alp2Cru,12:26.6,-63:6,1.73
4730,Alp1Cru,12:26.6,-63:6,1.33
2102,,05:54.1,-63:5,4.65
4467,Lam Cen,11:35.8,-63:1,3.13
127,Bet2Tuc,00:31.6,-62:58,4.54
126,Bet1Tuc,00:31.5,-62:57,4.37
1083,Kap Ret,03:29.4,-62:56,4.72
3884,,09:45.2,-62:30,3.69
1922,Bet Dor,05:33.6,-62:29,3.76
1336,Alp Ret,04:14.4,-62:28,3.35
4325,,11:6.5,-62:25,4.61
3728,,09:20.9,-62:24,4.81
3663,,09:11.3,-62:19,3.97
6916,Nu Pav,18:31.4,-62:17,4.64
7074,Lam Pav,18:52.2,-62:11,4.22
1264,Gam Ret,04:0.9,-62:10,4.51
4499,,11:40.9,-62:5,4.94
8582,Nu Tuc,22:33.0,-61:59,4.81
2550,Alp Pic,06:48.2,-61:56,3.27
4140,,10:32.0,-61:41,3.32
591,Alp Hyi,01:58.8,-61:34,2.86
7859,Rho Pav,20:37.6,-61:32,4.88
6855,Xi Pav,18:23.2,-61:30,4.36
1247,Del Ret,03:58.7,-61:24,4.56
4050,,10:17.1,-61:20,3.40
3856,,09:39.4,-61:20,4.52
3220,,08:9.0,-61:18,4.76
4522,,11:46.5,-61:11,4.11
1266,Iot Ret,04:1.3,-61:5,4.97
5035,,13:22.6,-60:59,4.53
4842,Iot Cru,12:45.6,-60:59,4.69
5460,Alp2Cen,14:39.6,-60:50,1.33
5459,Alp1Cen,14:39.6,-60:50,-0.01
6500,Del Ara,17:31.1,-60:41,3.62
3571,,08:55.0,-60:39,3.84
7848,Phi1Pav,20:35.6,-60:35,4.76
4200,,10:43.5,-60:34,4.57
4700,Eps Cru,12:21.4,-60:24,3.59
5267,Bet Cen,14:3.8,-60:22,0.61
4352,,11:12.6,-60:19,4.60
8502,Alp Tuc,22:18.5,-60:16,2.86
4975,,13:12.3,-59:55,4.60
3457,,08:40.6,-59:46,4.33
4853,Bet Cru,12:47.7,-59:41,1.25
4823,,12:41.9,-59:41,4.93
3307,Eps Car,08:22.5,-59:31,1.86
5704,Gam Cir,15:23.4,-59:19,4.51
1355,Eps Ret,04:16.5,-59:18,4.44
3699,Iot Car,09:17.1,-59:17,2.25
3825,,09:34.4,-59:14,4.08
3582,,08:57.0,-59:14,4.92
4177,,10:38.8,-59:11,4.66
4897,Lam Cru,12:54.7,-59:9,4.62
4989,,13:14.2,-59:6,4.92
6229,Eta Ara,16:49.8,-59:2,3.76
4337,,11:8.6,-58:58,3.91
3659,,09:11.0,-58:58,3.44
4257,,10:53.5,-58:51,3.78
5670,Bet Cir,15:17.5,-58:48,4.07
4656,Del Cru,12:15.1,-58:45,2.80
4114,,10:27.9,-58:44,3.82
5371,,14:22.6,-58:28,4.92
7986,Bet Ind,20:54.8,-58:27,3.65
8848,Gam Tuc,23:17.4,-58:14,3.99
3414,,08:35.3,-58:1,4.86
5961,Iot1Nor,16:3.5,-57:47,4.63
4110,,10:27.4,-57:38,4.66
4159,,10:35.6,-57:33,4.45
3696,,09:16.2,-57:32,4.34
1674,Zet Dor,05:5.5,-57:28,4.72
191,Eta Phe,00:43.4,-57:28,4.36
472,Alp Eri,01:37.7,-57:14,0.46
4898,Mu 1Cru,12:54.6,-57:11,4.03
4763,Gam Cru,12:31.2,-57:7,1.63
3803,,09:31.2,-57:2,3.13
8387,Eps Ind,22:3.4,-56:47,4.69
3498,,08:46.7,-56:46,4.49
7790,Alp Pav,20:25.6,-56:44,1.94
4848,,12:46.4,-56:29,4.65
5358,,14:20.3,-56:23,4.33
6462,Gam Ara,17:25.4,-56:23,3.34
2042,Gam Pic,05:49.8,-56:10,4.51
4074,,10:20.9,-56:3,4.50
6285,Zet Ara,16:58.6,-55:59,3.13
4180,,10:39.3,-55:36,4.28
6461,Bet Ara,17:25.3,-55:32,2.85
338,Zet Phe,01:8.4,-55:15,3.92
4682,,12:19.0,-55:9,5.00
1465,Alp Dor,04:34.0,-55:3,3.27
4063,,10:19.6,-55:2,4.57
3734,Kap Vel,09:22.1,-55:1,2.50
8368,Del Ind,21:57.9,-54:60,4.40
2212,Del Pic,06:10.3,-54:58,4.81
3485,Del Vel,08:44.7,-54:42,1.96
6024,Kap Nor,16:13.5,-54:38,4.94
3940,Phi Vel,09:56.9,-54:34,3.54
4390,Pi Cen,11:21.0,-54:29,3.89
4460,,11:34.8,-54:16,4.62
4134,,10:31.4,-53:43,4.89
2554,,06:49.9,-53:37,4.40
8655,Eta Gru,22:45.6,-53:30,4.85
5132,Eps Cen,13:39.9,-53:28,2.30
8140,The Ind,21:19.9,-53:27,4.39
5297,,14:9.9,-53:26,4.75
6295,Eps1Ara,16:59.6,-53:10,4.06
3467,,08:42.4,-53:7,4.86
3117,Chi Car,07:56.8,-52:59,3.47
2435,,06:35.0,-52:59,4.39
7134,Lam Tel,18:58.5,-52:56,4.87
3447,,08:40.3,-52:55,3.62
7673,Xi Tel,20:7.4,-52:53,4.94
8747,Zet Gru,23:0.9,-52:45,4.12
3574,,08:56.3,-52:43,4.69
2326,Alp Car,06:24.0,-52:42,-0.72
2934,,07:35.7,-52:32,4.94
4638,Rho Cen,12:11.7,-52:22,3.96
5649,Zet Lup,15:12.3,-52:6,3.41
7920,Eta Ind,20:44.0,-51:55,4.51
3990,,10:8.9,-51:49,4.86
566,Chi Eri,01:56.0,-51:37,3.70
674,Phi Eri,02:16.5,-51:31,3.56
1338,Gam Dor,04:16.0,-51:29,4.25
4732,,12:26.5,-51:27,4.82
5172,,13:46.7,-51:26,4.65
8675,Eps Gru,22:48.6,-51:19,3.49
2020,Bet Pic,05:47.3,-51:4,3.85
4621,Del Cen,12:8.4,-50:43,2.60
4618,,12:8.1,-50:40,4.47
2553,Tau Pup,06:49.9,-50:37,2.93
5425,Sig Lup,14:32.6,-50:27,4.42
4743,Sig Cen,12:28.0,-50:14,3.91
6072,Gam2Nor,16:19.8,-50:9,4.02
6743,The Ara,18:6.6,-50:6,3.66
6058,Gam1Nor,16:17.0,-50:4,4.99
4942,Xi 2Cen,13:6.9,-49:54,4.27
868,,02:53.9,-49:53,4.00
6510,Alp Ara,17:31.8,-49:53,2.95
3089,,07:53.1,-49:37,4.63
2672,,07:3.9,-49:35,4.93
4933,Xi 1Cen,13:3.6,-49:32,4.85
5453,Rho Lup,14:37.9,-49:26,4.05
4216,Mu Vel,10:46.8,-49:25,2.69
6569,Lam Ara,17:40.4,-49:25,4.77
3836,,09:36.8,-49:21,4.35
3129,,07:58.2,-49:15,4.41
5962,Eta Nor,16:3.2,-49:14,4.65
440,Del Phe,01:31.3,-49:4,3.95
6905,Zet Tel,18:28.8,-49:4,4.13
4819,Gam Cen,12:41.5,-48:58,2.17
4888,,12:53.1,-48:57,4.33
4831,,12:42.6,-48:49,4.66
125,Lam1Phe,00:31.4,-48:48,4.77
5646,Kap1Lup,15:11.9,-48:44,3.87
2608,,06:56.3,-48:43,4.95
4802,Tau Cen,12:37.7,-48:32,3.86
3294,,08:22.5,-48:29,4.82
4940,,13:6.3,-48:28,4.71
2762,,07:14.6,-48:16,4.76
4167,,10:37.3,-48:14,3.84
2462,,06:38.6,-48:13,4.93
3090,,07:53.3,-48:6,4.24
7424,Iot Tel,19:35.2,-48:6,4.90
5698,Nu 1Lup,15:22.1,-47:56,5.00
5683,Mu Lup,15:18.5,-47:52,4.27
721,Kap Eri,02:27.0,-47:42,4.25
6115,Eps Nor,16:27.2,-47:33,4.47
5469,Alp Lup,14:41.9,-47:23,2.30
574,,01:57.2,-47:23,4.83
3206,Gam1Vel,08:9.5,-47:21,4.27
3207,Gam2Vel,08:9.5,-47:20,1.78
3452,,08:41.2,-47:19,4.77
7869,Alp Ind,20:37.6,-47:17,3.11
5231,Zet Cen,13:55.5,-47:17,2.55
3614,,09:4.2,-47:6,3.75
3046,,07:48.3,-47:5,4.71
5606,Pi Lup,15:5.1,-47:3,4.82
5605,Pi Lup,15:5.1,-47:3,4.72
8425,Alp Gru,22:8.2,-46:58,1.74
8636,Bet Gru,22:42.7,-46:53,2.10
2740,,07:12.6,-46:46,4.49
322,Bet Phe,01:6.1,-46:43,3.31
3445,,08:40.6,-46:39,3.84
3912,,09:51.7,-46:33,4.58
6537,1Sig Ara,17:35.7,-46:30,4.59
3055,,07:49.2,-46:22,4.11
555,Psi Phe,01:53.6,-46:18,4.41
7952,Zet Ind,20:49.5,-46:14,4.89
180,Mu Phe,00:41.3,-46:5,4.59
5354,Iot Lup,14:19.4,-46:3,3.55
3487,,08:46.0,-46:3,3.91
6897,Alp Tel,18:27.0,-45:58,3.51
6783,Eps Tel,18:11.2,-45:57,4.53
6934,Del1Tel,18:31.8,-45:55,4.96
25,Eps Phe,00:9.4,-45:45,3.88
5260,Ups2Cen,14:1.7,-45:36,4.34
370,Nu Phe,01:15.2,-45:32,4.96
8959,,23:37.9,-45:30,4.74
5396,Tau2Lup,14:26.2,-45:23,4.35
3520,,08:49.8,-45:18,4.93
5626,Lam Lup,15:8.8,-45:17,4.05
8820,Iot Gru,23:10.4,-45:15,3.90
5395,Tau1Lup,14:26.1,-45:13,4.56
5364,,14:20.7,-45:11,4.77
2746,,07:13.2,-45:11,4.89
4546,,11:51.1,-45:10,4.46
5980,Del Nor,16:6.5,-45:10,4.72
5781,,15:35.9,-44:58,4.54
3654,,09:11.1,-44:52,5.00
5249,Ups1Cen,13:58.7,-44:48,3.87
7343,Bet2Sgr,19:23.2,-44:48,4.29
3359,,08:29.5,-44:44,4.99
5708,Eps Lup,15:22.7,-44:41,3.37
5825,,15:41.2,-44:40,4.64
5651,,15:12.8,-44:30,4.82
7337,Bet1Sgr,19:22.6,-44:28,4.01
6675,,17:56.8,-44:21,4.86
6155,Mu Nor,16:34.1,-44:3,4.94
8560,Del2Gru,22:29.8,-43:45,4.11
100,Kap Phe,00:26.2,-43:41,3.94
5528,Omi Lup,14:51.6,-43:35,4.32
8787,The Gru,23:6.9,-43:31,4.28
8556,Del1Gru,22:29.3,-43:30,3.97
3634,Lam Vel,09:8.0,-43:26,2.21
429,Gam Phe,01:28.4,-43:19,3.41
2878,Sig Pup,07:29.2,-43:18,3.25
6380,Eta Sco,17:12.2,-43:14,3.33
2451,Nu Pup,06:37.8,-43:12,3.17
5571,Bet Lup,14:58.5,-43:8,2.68
1008,,03:19.9,-43:4,4.27
6553,The Sco,17:37.3,-42:60,1.87
3426,,08:37.6,-42:59,4.14
3226,,08:11.4,-42:59,4.75
789,,02:39.8,-42:54,4.75
2120,Eta Col,05:59.1,-42:49,3.96
3477,,08:44.4,-42:39,4.07
8949,Iot Phe,23:35.1,-42:37,4.71
5797,Ome Lup,15:38.1,-42:34,4.33
5193,Mu Cen,13:49.6,-42:28,3.04
6262,Zet1Sco,16:54.0,-42:22,4.73
6271,Zet2Sco,16:54.6,-42:22,3.62
6951,The CrA,18:33.5,-42:19,4.64
99,Alp Phe,00:26.3,-42:18,2.39
1326,Alp Hor,04:14.0,-42:18,3.86
4293,,11:0.2,-42:14,4.39
5440,Eta Cen,14:35.5,-42:9,2.31
4023,,10:14.7,-42:7,3.85
5576,Kap Cen,14:59.2,-42:6,3.13
5248,Phi Cen,13:58.3,-42:6,3.83
7188,Zet CrA,19:3.1,-42:6,4.75
1302,Del Hor,04:10.8,-41:60,4.93
7581,Iot Sgr,19:55.3,-41:52,4.13
1502,Alp Cae,04:40.6,-41:52,4.45
5943,,15:59.5,-41:45,4.99
6682,,17:57.8,-41:43,4.88
5190,Nu Cen,13:49.5,-41:41,3.41
4080,,10:22.3,-41:39,4.83
8644,Rho Gru,22:43.5,-41:25,4.85
8486,Mu 1Gru,22:15.6,-41:21,4.79
3591,,09:0.1,-41:15,4.45
5285,Chi Cen,14:6.0,-41:11,4.36
5776,Gam Lup,15:35.1,-41:10,2.78
8151,The1Mic,21:20.8,-40:49,4.82
5695,Del Lup,15:21.4,-40:39,3.22
7348,Alp Sgr,19:23.9,-40:37,3.97
3080,,07:52.2,-40:35,3.73
4523,,11:46.5,-40:30,4.91
7242,Del CrA,19:8.3,-40:30,4.59
3786,Psi Vel,09:30.7,-40:28,3.60
3243,,08:14.0,-40:21,4.44
897,The1Eri,02:58.3,-40:18,3.24
898,The2Eri,02:58.3,-40:18,4.35
1106,,03:37.1,-40:16,4.58
4889,,12:53.4,-40:11,4.27
6615,Iot1Sco,17:47.6,-40:8,3.03
6631,Iot2Sco,17:50.2,-40:5,4.81
3165,Zet Pup,08:3.6,-40:0,2.25
4817,,12:39.9,-39:59,4.64
794,Iot Eri,02:40.7,-39:51,4.11
2702,,07:8.9,-39:39,4.83
3225,,08:11.4,-39:37,4.45
8411,Lam Gru,22:6.1,-39:33,4.46
5378,,14:23.0,-39:31,4.42
5089,,13:31.0,-39:24,3.88
7259,Bet CrA,19:10.0,-39:20,4.11
6580,Kap Sco,17:42.5,-39:2,2.41
3084,,07:52.6,-38:52,4.49
5724,,15:25.3,-38:44,4.60
6546,,17:36.5,-38:38,4.29
5967,,16:3.4,-38:36,4.89
3682,,09:15.6,-38:34,4.94
5948,Eta Lup,16:0.1,-38:24,3.41
2961,,07:39.5,-38:18,4.84
6247,Mu 1Sco,16:51.9,-38:3,3.08
6252,Mu 2Sco,16:52.3,-38:1,3.57
3017,,07:45.3,-37:58,3.61
7652,,20:3.6,-37:56,4.77
7254,Alp CrA,19:9.5,-37:54,4.11
5367,Psi Cen,14:20.6,-37:53,4.05
8937,Bet Scl,23:33.0,-37:49,4.37
4979,,13:12.1,-37:48,4.85
5471,,14:42.0,-37:48,4.00
1190,,03:48.6,-37:37,4.73
3684,,09:15.8,-37:25,4.62
8353,Gam Gru,21:53.9,-37:22,3.01
1143,,03:42.8,-37:19,4.59
6508,34Ups Sco,17:30.8,-37:18,2.69
4273,Iot Ant,10:56.7,-37:8,4.60
2087,Xi Col,05:55.5,-37:7,4.97
7152,Eps CrA,18:58.7,-37:6,4.87
6527,35Lam Sco,17:33.6,-37:6,1.63
2773,Pi Pup,07:17.1,-37:6,2.70
7226,Gam CrA,19:6.4,-37:4,4.93
7227,Gam CrA,19:6.4,-37:4,4.99
6630,,17:49.9,-37:3,3.21
5712,Phi2Lup,15:23.2,-36:52,4.54
5987,The Lup,16:6.6,-36:48,4.23
6832,Eta Sgr,18:17.6,-36:46,3.11
2787,,07:18.3,-36:44,4.66
5028,Iot Cen,13:20.6,-36:43,2.75
3270,,08:18.6,-36:40,4.45
5288,5The Cen,14:6.7,-36:22,2.06
5705,Phi1Lup,15:21.8,-36:16,3.56
1195,,03:49.5,-36:12,4.17
4396,,11:23.2,-36:10,5.00
3765,Eps Ant,09:29.2,-35:57,4.51
3237,,08:13.5,-35:54,4.78
2040,Bet Col,05:51.0,-35:46,3.12
7029,,18:44.3,-35:39,4.87
1652,Gam1Cae,05:4.4,-35:29,4.55
1862,Eps Col,05:31.2,-35:28,3.87
3438,Bet Pyx,08:40.1,-35:18,3.97
2106,Gam Col,05:57.5,-35:17,4.36
7623,The1Sgr,19:59.7,-35:17,4.37
6166,,16:36.4,-35:15,4.16
5489,,14:45.0,-35:12,4.92
5485,,14:43.7,-35:10,4.05
2256,Kap Col,06:16.6,-35:8,4.37
2937,,07:37.4,-34:58,4.53
1743,Omi Col,05:17.5,-34:54,4.83
4494,Omi Hya,11:40.2,-34:45,4.70
5839,4Psi2Lup,15:42.7,-34:43,4.75
6143,,16:31.4,-34:42,4.23
5192,2 Cen,13:49.4,-34:27,4.19
5820,3Psi1Lup,15:39.8,-34:25,4.67
6879,20Eps Sgr,18:24.2,-34:23,1.85
2549,,06:50.9,-34:22,4.99
6241,26Eps Sco,16:50.2,-34:18,2.29
6334,,17:4.8,-34:7,4.87
1956,Alp Col,05:39.6,-34:4,2.64
8433,Ups PsA,22:8.4,-34:3,4.99
1393,43 Eri,04:24.0,-34:1,3.96
4874,,12:50.7,-33:60,4.91
4552,Bet Hya,11:52.9,-33:54,4.28
2056,Lam Col,05:53.1,-33:48,4.87
1347,41Ups4Eri,04:17.9,-33:48,3.56
7965,Alp Mic,20:50.0,-33:47,4.90
5883,5Chi Lup,15:51.0,-33:38,3.95
2296,Del Col,06:22.1,-33:26,3.85
3468,Alp Pyx,08:43.6,-33:11,3.68
3282,,08:21.4,-33:3,4.83
5168,1 Cen,13:45.7,-33:3,4.23
8305,9Iot PsA,21:44.9,-33:2,4.34
105,Eta Scl,00:27.9,-33:0,4.81
5210,3 Cen,13:51.8,-32:60,4.56
8431,14Mu PsA,22:8.4,-32:59,4.50
8695,22Gam PsA,22:52.5,-32:53,4.46
2361,Lam CMa,06:28.2,-32:35,4.48
8447,15Tau PsA,22:10.1,-32:33,4.92
8720,23Del PsA,22:55.9,-32:32,4.21
8863,Gam Scl,23:18.8,-32:32,4.41
2538,13Kap CMa,06:49.8,-32:31,3.96
841,Bet For,02:49.1,-32:24,4.46
8576,17Bet PsA,22:31.5,-32:21,4.29
8039,Gam Mic,21:1.3,-32:15,4.67
8135,Eps Mic,21:17.9,-32:10,4.71
7659,,20:4.3,-32:3,4.99
1134,Del For,03:42.2,-31:56,5.00
5221,4 Cen,13:53.2,-31:56,4.73
4450,Xi Hya,11:33.0,-31:51,3.54
6628,,17:49.2,-31:42,4.83
5660,1 Lup,15:14.6,-31:31,4.91
4104,Alp Ant,10:27.2,-31:4,4.25
2881,,07:30.7,-30:58,4.65
1464,52Ups2Eri,04:35.5,-30:34,3.82
6746,10Gam2Sgr,18:5.8,-30:25,2.99
3113,,07:57.7,-30:20,4.79
5686,2 Lup,15:17.8,-30:9,4.34
2282,1Zet CMa,06:20.3,-30:4,3.02
7194,38Zet Sgr,19:2.6,-29:53,2.60
6492,45 Oph,17:27.4,-29:52,4.29
6859,19Del Sgr,18:21.0,-29:50,2.70
5812,40Tau Lib,15:38.7,-29:47,3.66
1453,50Ups1Eri,04:33.5,-29:46,4.51
8728,24Alp PsA,22:57.7,-29:37,1.16
6742,Gam1Sgr,18:5.0,-29:35,4.69
3433,Zet Pyx,08:39.7,-29:34,4.89
5407,52 Hya,14:28.2,-29:30,4.97
280,Alp Scl,00:58.6,-29:21,4.31
2827,31Eta CMa,07:24.1,-29:18,2.45
612,Nu For,02:4.5,-29:18,4.69
5928,5Rho Sco,15:56.9,-29:13,3.88
963,Alp For,03:12.1,-28:59,3.87
2618,21Eps CMa,06:58.6,-28:58,1.50
2996,3 Pup,07:43.8,-28:57,3.96
3733,Lam Pyx,09:23.2,-28:50,4.69
6070,,16:18.3,-28:37,4.78
6766,,18:8.1,-28:27,4.57
2993,1 Pup,07:43.5,-28:25,4.59
2922,,07:35.4,-28:22,4.64
749,Ome For,02:33.8,-28:14,4.90
6165,23Tau Sco,16:35.9,-28:13,2.82
5794,39Ups Lib,15:37.0,-28:8,3.58
9016,Del Scl,23:48.9,-28:8,4.57
5526,58 Hya,14:50.3,-27:58,4.41
2646,22Sig CMa,07:1.7,-27:56,3.47
6028,13 Sco,16:12.3,-27:56,4.59
2766,,07:16.6,-27:53,4.64
6616,3 Sgr,17:47.6,-27:50,4.54
3871,The Ant,09:44.2,-27:46,4.79
5381,51 Hya,14:23.1,-27:45,4.77
3518,Gam Pyx,08:50.5,-27:43,4.01
7650,62 Sgr,20:2.7,-27:43,4.58
3556,Del Pyx,08:55.5,-27:41,4.89
7234,40Tau Sgr,19:6.9,-27:40,3.32
4162,,10:37.2,-27:25,4.89
4314,Chi1Hya,11:5.3,-27:18,4.94
7604,59 Sgr,19:56.9,-27:10,4.52
8628,18Eps PsA,22:40.7,-27:3,4.17
6842,,18:18.1,-27:3,4.65
7039,27Phi Sgr,18:45.7,-26:59,3.17
7980,18Ome Cap,20:51.8,-26:55,4.11
2949,,07:38.8,-26:48,4.62
2948,,07:38.8,-26:48,4.50
2749,28Ome CMa,07:14.8,-26:46,3.85
5287,49Pi Hya,14:6.4,-26:41,3.27
6134,21Alp Sco,16:29.4,-26:26,0.96
2693,25Del CMa,07:8.4,-26:24,1.84
2745,27 CMa,07:14.3,-26:21,4.66
7597,58Ome Sgr,19:55.8,-26:18,4.70
7121,34Sig Sgr,18:55.3,-26:18,2.02
7618,60 Sgr,19:59.0,-26:12,4.83
5944,6Pi Sco,15:58.9,-26:7,2.89
3718,The Pyx,09:21.5,-25:58,4.72
3034,Omi Pup,07:48.1,-25:56,4.50
3919,,09:54.2,-25:56,4.88
5969,,16:3.3,-25:52,5.00
3628,Kap Pyx,09:8.0,-25:51,4.58
5885,1 Sco,15:51.0,-25:45,4.64
6084,20Sig Sco,16:21.2,-25:36,2.89
5497,54 Hya,14:46.0,-25:27,4.94
6913,22Lam Sgr,18:28.0,-25:25,2.81
2944,,07:38.3,-25:22,4.70
5904,2 Sco,15:53.6,-25:20,4.59
5603,20Sig Lib,15:4.1,-25:17,3.29
7936,16Psi Cap,20:46.1,-25:16,4.14
7292,42Psi Sgr,19:15.5,-25:15,4.85
6141,22 Sco,16:30.2,-25:7,4.79
8080,24 Cap,21:7.1,-25:0,4.50
6453,42The Oph,17:22.0,-24:60,3.27
2782,30Tau CMa,07:18.7,-24:57,4.40
7440,52 Sgr,19:36.7,-24:53,4.60
3045,7Xi Pup,07:49.3,-24:52,3.34
4623,1Alp Crv,12:8.4,-24:44,4.02
1213,33Tau8Eri,03:53.7,-24:37,4.65
2781,29 CMa,07:18.7,-24:34,4.98
3185,15Rho Pup,08:7.5,-24:18,2.81
2580,16Omi1CMa,06:54.1,-24:11,3.87
6486,44 Oph,17:26.4,-24:11,4.17
6081,19Omi Sco,16:20.6,-24:10,4.55
1240,36Tau9Eri,03:59.9,-24:1,4.66
6519,51 Oph,17:31.4,-23:58,4.81
3862,,09:42.2,-23:55,4.94
2653,24Omi2CMa,07:3.0,-23:50,3.02
5824,42 Lib,15:40.3,-23:49,4.96
6700,4 Sgr,17:59.8,-23:49,4.76
8789,86 Aqr,23:6.7,-23:45,4.47
6801,11 Sgr,18:11.7,-23:42,4.98
919,11Tau3Eri,03:2.4,-23:37,4.09
3858,,09:41.3,-23:36,4.77
2387,4Xi 1CMa,06:31.9,-23:25,4.33
4786,9Bet Crv,12:34.4,-23:24,2.65
2764,,07:16.6,-23:19,4.79
5080,,13:29.7,-23:17,4.97
1173,27Tau6Eri,03:46.8,-23:15,4.23
5020,46Gam Hya,13:18.9,-23:10,3.00
4958,45Psi Hya,13:9.1,-23:7,4.95
2874,,07:29.9,-23:1,4.85
2414,5Xi 2CMa,06:35.1,-22:58,4.54
3102,11 Pup,07:56.9,-22:53,4.20
4343,11Bet Crt,11:11.7,-22:50,4.48
7116,32Nu 1Sgr,18:54.2,-22:45,4.83
7120,35Nu 2Sgr,18:55.1,-22:40,4.99
5953,7Del Sco,16:0.3,-22:37,2.32
4630,2Eps Crv,12:10.1,-22:37,3.00
565,56 Cet,01:56.7,-22:32,4.85
994,15 Eri,03:18.4,-22:31,4.88
8817,89 Aqr,23:9.9,-22:27,4.69
1983,13Gam Lep,05:44.5,-22:27,3.60
8204,34Zet Cap,21:26.7,-22:25,3.74
1654,2Eps Lep,05:5.5,-22:22,3.19
3749,,09:27.3,-22:21,4.69
2906,,07:34.1,-22:18,4.45
8213,36 Cap,21:28.7,-21:48,4.51
1003,16Tau4Eri,03:19.5,-21:45,3.69
7217,39Omi Sgr,19:4.7,-21:45,3.77
6595,58 Oph,17:43.4,-21:41,4.87
1088,19Tau5Eri,03:33.8,-21:38,4.27
6153,9Ome Oph,16:32.1,-21:28,4.45
1762,,05:20.4,-21:14,4.71
8812,88 Aqr,23:9.4,-21:10,3.66
6445,40Xi Oph,17:21.0,-21:7,4.39
7150,37Xi 2Sgr,18:57.7,-21:6,3.51
585,59Ups Cet,02:0.0,-21:5,4.00
6812,13Mu Sgr,18:13.8,-21:4,3.86
7264,41Pi Sgr,19:9.8,-21:1,2.89
850,2Tau2Eri,02:51.0,-21:0,4.75
8939,101 Aqr,23:33.3,-20:55,4.71
2035,15Del Lep,05:51.3,-20:53,3.81
5997,10Ome2Sco,16:7.4,-20:52,4.32
1829,9Bet Lep,05:28.2,-20:46,2.84
5993,9Ome1Sco,16:6.8,-20:40,3.96
8906,99 Aqr,23:26.0,-20:39,4.39
6896,21 Sgr,18:25.4,-20:33,4.81
2571,15 CMa,06:53.5,-20:13,4.83
2590,19Pi CMa,06:55.6,-20:8,4.68
8892,98 Aqr,23:23.0,-20:6,3.97
1621,,05:1.4,-20:3,4.91
6104,4Psi Oph,16:24.1,-20:2,4.50
8060,22Eta Cap,21:4.4,-19:51,4.84
5984,8Bet1Sco,16:5.4,-19:48,2.62
5985,8Bet2Sco,16:5.4,-19:48,4.92
5652,24Iot1Lib,15:12.2,-19:48,4.54
7515,56 Sgr,19:46.4,-19:46,4.86
5838,43Kap Lib,15:41.9,-19:41,4.74
1496,54 Eri,04:40.4,-19:40,4.32
8260,39Eps Cap,21:37.1,-19:28,4.68
6027,14Nu Sco,16:12.0,-19:28,4.01
2429,7Nu 2CMa,06:36.7,-19:15,3.95
3192,16 Pup,08:9.0,-19:15,4.40
2812,,07:22.2,-19:1,4.96
3923,,09:54.9,-19:1,4.94
7304,43 Sgr,19:17.6,-18:57,4.96
48,7 Cet,00:14.6,-18:56,4.44
8288,43Kap Cap,21:42.7,-18:52,4.73
8649,66 Aqr,22:43.6,-18:50,4.69
818,1Tau1Eri,02:45.1,-18:34,4.47
6118,7Chi Oph,16:27.0,-18:27,4.42
3131,,07:59.9,-18:24,4.61
4514,27Zet Crt,11:44.8,-18:21,4.73
5019,61 Vir,13:18.4,-18:19,4.74
4287,7Alp Crt,10:59.8,-18:18,4.08
2443,8Nu 3CMa,06:37.9,-18:14,4.43
5196,89 Vir,13:49.9,-18:8,4.97
188,16Bet Cet,00:43.6,-17:59,2.04
2294,2Bet CMa,06:22.7,-17:57,1.98
7340,44Rho1Sgr,19:21.7,-17:51,3.93
1865,11Alp Lep,05:32.7,-17:49,2.58
8982,104 Aqr,23:41.8,-17:49,4.82
7822,11Rho Cap,20:28.9,-17:49,4.78
6196,,16:41.6,-17:45,4.96
4405,15Gam Crt,11:24.9,-17:41,4.08
4662,4Gam Crv,12:15.8,-17:33,2.59
9098,2 Cet,00:3.7,-17:20,4.55
8075,23The Cap,21:5.9,-17:14,4.07
2596,20Iot CMa,06:56.1,-17:3,4.37
4171,Phi3Hya,10:38.6,-16:53,4.91
4094,42Mu Hya,10:26.1,-16:50,3.81
8167,32Iot Cap,21:22.2,-16:50,4.28
5908,46The Lib,15:53.8,-16:44,4.15
2491,9Alp CMa,06:45.1,-16:43,-1.46
8278,40Gam Cap,21:40.1,-16:40,3.68
6147,8Phi Oph,16:31.1,-16:37,4.28
4757,7Del Crv,12:29.9,-16:31,2.95
2148,17 Lep,06:5.0,-16:29,4.93
5301,,14:10.8,-16:18,4.91
1702,5Mu Lep,05:12.9,-16:12,3.31
4775,8Eta Crv,12:32.1,-16:12,4.31
4232,Nu Hya,10:49.6,-16:12,3.11
8322,49Del Cap,21:47.0,-16:8,2.87
5531,9Alp2Lib,14:50.9,-16:3,2.75
5068,69 Vir,13:27.5,-15:58,4.76
7342,46Ups Sgr,19:21.7,-15:57,4.61
3441,9 Hya,08:41.7,-15:57,4.88
509,52Tau Cet,01:44.1,-15:56,3.50
8709,76Del Aqr,22:54.6,-15:49,3.27
3229,20 Pup,08:13.3,-15:47,4.99
6378,35Eta Oph,17:10.4,-15:43,2.43
2657,23Gam CMa,07:3.8,-15:38,4.12
33,6 Cet,00:11.3,-15:28,4.89
6561,55Xi Ser,17:37.6,-15:24,3.54
2959,,07:40.4,-15:16,4.94
740,76Sig Cet,02:32.1,-15:15,4.75
2155,18The Lep,06:6.2,-14:56,4.67
3903,39Ups1Hya,09:51.5,-14:51,4.12
1998,14Zet Lep,05:47.0,-14:49,3.55
5787,38Gam Lib,15:35.5,-14:47,3.91
7776,9Bet Cap,20:21.0,-14:47,3.08
4382,12Del Crt,11:19.3,-14:47,3.56
412,46 Cet,01:25.6,-14:36,4.90
6930,Gam Sct,18:29.2,-14:34,4.70
8988,105Ome2Aqr,23:42.7,-14:33,4.49
2902,,07:33.8,-14:31,4.97
1481,53 Eri,04:38.2,-14:18,3.87
5941,48 Lib,15:58.2,-14:17,4.88
8968,102Ome1Aqr,23:39.8,-14:13,5.00
2085,16Eta Lep,05:56.4,-14:10,3.71
2450,,06:39.3,-14:9,4.82
2593,18Mu CMa,06:56.1,-14:3,5.00
8418,33Iot Aqr,22:6.4,-13:52,4.27
811,89Pi Cet,02:44.1,-13:52,4.25
8679,71Tau2Aqr,22:49.6,-13:36,4.01
3484,12 Hya,08:46.4,-13:33,4.32
1231,34Gam Eri,03:58.0,-13:31,2.95
4163,,10:37.6,-13:23,4.82
5359,100Lam Vir,14:19.1,-13:22,4.52
1756,6Lam Lep,05:19.6,-13:11,4.29
3970,40Ups2Hya,10:5.1,-13:4,4.60
1705,4Kap Lep,05:13.2,-12:56,4.36
3211,19 Pup,08:11.3,-12:56,4.72
6581,56Omi Ser,17:41.4,-12:53,4.26
6446,53Nu Ser,17:20.8,-12:51,4.33
7773,8Nu Cap,20:20.7,-12:46,4.76
7754,6Alp2Cap,20:18.1,-12:33,3.57
1611,64 Eri,04:59.9,-12:32,4.79
7747,5Alp1Cap,20:17.6,-12:30,4.24
3431,6 Hya,08:40.0,-12:29,4.98
3994,41Lam Hya,10:10.6,-12:21,3.61
708,72Rho Cet,02:25.9,-12:17,4.89
1162,26Pi Eri,03:46.1,-12:6,4.42
2574,14The CMa,06:54.2,-12:2,4.07
3706,26 Hya,09:19.8,-11:58,4.79
781,83Eps Cet,02:39.6,-11:52,4.84
1696,3Iot Lep,05:12.3,-11:52,4.45
5978,Xi Sco,16:4.4,-11:22,4.77
8093,13Nu Aqr,21:9.6,-11:22,4.51
5056,67Alp Vir,13:25.2,-11:10,0.98
4402,14Eps Crt,11:24.6,-10:52,4.83
6243,20 Oph,16:49.8,-10:47,4.65
531,53Chi Cet,01:49.6,-10:41,4.67
8573,57Sig Aqr,22:30.6,-10:41,4.82
194,17Phi1Cet,00:44.2,-10:37,4.76
2128,3 Mon,06:1.8,-10:36,4.95
6175,13Zet Oph,16:37.2,-10:34,2.56
9103,3 Cet,00:4.5,-10:31,4.94
539,55Zet Cet,01:51.5,-10:20,3.73
5723,31Eps Lib,15:24.2,-10:19,4.94
5315,98Kap Vir,14:12.9,-10:16,4.19
1318,39 Eri,04:14.4,-10:15,4.87
334,31Eta Cet,01:8.6,-10:11,3.45
5777,37 Lib,15:34.2,-10:4,4.62
6031,15Psi Sco,16:12.0,-10:4,4.94
4468,21The Crt,11:36.7,-09:48,4.70
6698,64Nu Oph,17:59.0,-09:46,3.34
1136,23Del Eri,03:43.2,-09:46,3.54
2004,53Kap Ori,05:47.8,-09:40,2.06
8865,95Psi3Aqr,23:19.0,-09:37,4.98
3709,27 Hya,09:20.5,-09:33,4.80
2970,26Alp Mon,07:41.2,-09:33,3.93
4902,40Psi Vir,12:54.4,-09:32,4.79
7950,2Eps Aqr,20:47.7,-09:30,3.77
1084,18Eps Eri,03:32.9,-09:27,3.73
5685,27Bet Lib,15:17.0,-09:23,2.61
8858,93Psi2Aqr,23:17.9,-09:11,4.39
8841,91Psi1Aqr,23:15.9,-09:5,4.21
7020,Del Sct,18:42.3,-09:3,4.72
7990,6Mu Aqr,20:52.7,-08:59,4.73
6884,Zet Sct,18:23.7,-08:56,4.68
874,3Eta Eri,02:56.4,-08:54,3.89
74,8Iot Cet,00:19.4,-08:49,3.56
984,13Zet Eri,03:15.8,-08:49,4.80
1679,69Lam Eri,05:9.1,-08:45,4.27
3748,30Alp Hya,09:27.6,-08:40,1.98
5586,19Del Lib,15:1.0,-08:31,4.92
6129,3Ups Oph,16:27.8,-08:22,4.63
7032,Eps Sct,18:43.5,-08:17,4.90
6973,Alp Sct,18:35.2,-08:15,3.85
1713,19Bet Ori,05:14.5,-08:12,0.12
402,45The Cet,01:24.0,-08:11,3.60
6567,57Mu Oph,17:37.8,-08:7,4.62
4813,26Chi Vir,12:39.2,-07:60,4.66
8264,23Xi Aqr,21:37.8,-07:51,4.69
1784,29 Ori,05:23.9,-07:48,4.14
8499,43The Aqr,22:16.8,-07:47,4.16
1325,40Omi2Eri,04:15.3,-07:39,4.43
8698,73Lam Aqr,22:52.6,-07:35,3.74
1855,36Ups Ori,05:31.9,-07:18,4.62
3459,,08:43.7,-07:14,4.62
1937,49 Ori,05:38.9,-07:13,4.80
1617,65Psi Eri,05:1.4,-07:10,4.81
2356,11Bet Mon,06:28.8,-07:2,4.60
7446,39Kap Aql,19:36.9,-07:2,4.95
1735,20Tau Ori,05:17.6,-06:51,3.60
1298,38Omi1Eri,04:11.9,-06:50,4.04
2227,5Gam Mon,06:14.9,-06:16,3.98
5095,74 Vir,13:32.0,-06:15,4.69
8834,90Phi Aqr,23:14.3,-06:3,4.22
9089,30 Psc,00:2.0,-06:1,4.41
1887,,05:35.0,-06:0,4.78
5338,99Iot Vir,14:16.0,-06:0,4.08
1899,44Iot Ori,05:35.4,-05:55,2.77
7149,Eta Sct,18:57.1,-05:51,4.83
7193,12 Aql,19:1.7,-05:44,4.02
3,33 Psc,00:5.3,-05:42,4.61
5487,107Mu Vir,14:43.1,-05:39,3.88
8232,22Bet Aqr,21:31.6,-05:34,2.91
4963,51The Vir,13:9.9,-05:32,4.38
1560,61Ome Eri,04:52.9,-05:27,4.39
6493,,17:26.6,-05:5,4.54
1666,67Bet Eri,05:7.8,-05:5,2.79
1070,17 Eri,03:30.6,-05:5,4.73
7951,3 Aqr,20:47.7,-05:2,4.42
7236,16Lam Aql,19:6.2,-04:53,3.44
1892,42 Ori,05:35.4,-04:50,4.59
7063,Bet Sct,18:47.2,-04:45,4.22
6075,2Eps Oph,16:18.3,-04:42,3.24
5570,16 Lib,14:57.2,-04:21,4.49
2648,19 Mon,07:2.9,-04:14,4.99
2701,20 Mon,07:10.2,-04:14,4.92
6318,30 Oph,17:1.1,-04:13,4.82
3314,,08:25.7,-03:54,3.90
6056,1Del Oph,16:14.3,-03:42,2.74
500,,01:42.7,-03:41,4.99
6710,57Zet Ser,18:0.5,-03:41,4.62
3122,27 Mon,07:59.7,-03:41,4.93
4368,74Phi Leo,11:16.7,-03:39,4.47
9067,27 Psc,23:58.7,-03:33,4.86
5881,32Mu Ser,15:49.6,-03:26,3.53
1463,48Nu Eri,04:36.3,-03:21,3.93
1520,57Mu Eri,04:45.5,-03:15,4.02
2113,,06:0.1,-03:4,4.53
4432,87 Leo,11:30.3,-03:0,4.77
3188,29Zet Mon,08:8.6,-02:59,4.34
681,68Omi Cet,02:19.3,-02:59,3.04
1212,32 Eri,03:54.3,-02:57,4.79
2275,,06:20.0,-02:57,4.90
6869,58Eta Ser,18:21.3,-02:54,3.26
7831,69 Aql,20:29.6,-02:53,4.91
3759,31Tau1Hya,09:29.1,-02:46,4.60
1931,48Sig Ori,05:38.7,-02:36,3.81
7873,70 Aql,20:36.7,-02:33,4.89
4299,61 Leo,11:1.8,-02:29,4.74
1788,28Eta Ori,05:24.5,-02:24,3.36
5535,11 Lib,14:51.0,-02:18,4.94
5409,105Phi Vir,14:28.2,-02:14,4.81
8402,31Omi Aqr,22:3.3,-02:9,4.69
1949,50Zet Ori,05:40.8,-01:57,4.21
1948,50Zet Ori,05:40.8,-01:57,2.05
4826,29Gam Vir,12:41.7,-01:27,3.68
4825,29Gam Vir,12:41.7,-01:27,3.65
3141,28 Mon,08:1.2,-01:24,4.68
8518,48Gam Aqr,22:21.7,-01:23,3.84
7447,41Iot Aql,19:36.7,-01:17,4.36
1903,46Eps Ori,05:36.2,-01:12,1.70
3787,32Tau2Hya,09:32.0,-01:11,4.57
248,20 Cet,00:53.0,-01:9,4.77
3845,35Iot Hya,09:39.9,-01:9,3.91
1952,,05:40.8,-01:8,4.95
7884,71 Aql,20:38.3,-01:6,4.32
1834,31 Ori,05:29.7,-01:6,4.71
4471,91Ups Leo,11:36.9,-00:49,4.30
7710,65The Aql,20:11.3,-00:49,3.23
4689,15Eta Vir,12:19.9,-00:40,3.89
5107,79Zet Vir,13:34.7,-00:36,3.37
2714,22Del Mon,07:11.9,-00:30,4.15
6415,41 Oph,17:16.6,-00:27,4.73
1765,22 Ori,05:21.8,-00:23,4.73
3981,15Alp Sex,10:7.9,-00:22,4.49
8414,34Alp Aqr,22:5.8,-00:19,2.96
1852,34Del Ori,05:32.0,-00:18,2.23
8597,62Eta Aqr,22:35.4,-00:7,4.02
1437,45 Eri,04:31.9,-00:3,4.91
8558,55Zet1Aqr,22:28.8,-00:1,4.59
8559,55Zet2Aqr,22:28.8,-00:1,4.42
779,82Del Cet,02:39.5,+00:20,4.07
7387,32Nu Aql,19:26.5,+00:20,4.66
1101,10 Tau,03:36.9,+00:24,4.28
7570,55Eta Aql,19:52.5,+01:0,3.90
6093,50Sig Ser,16:22.1,+01:2,4.82
8911,8Kap Psc,23:26.9,+01:15,4.94
6723,68 Oph,18:1.8,+01:18,4.45
8539,52Pi Aqr,22:25.3,+01:23,4.66
1963,51 Ori,05:42.5,+01:28,4.91
5264,93Tau Vir,14:1.6,+01:33,4.26
1601,10Pi 6Ori,04:58.5,+01:43,4.47
4540,5Bet Vir,11:50.7,+01:46,3.61
8984,18Lam Psc,23:42.0,+01:47,4.50
1789,25Psi1Ori,05:24.7,+01:51,4.95
2037,56 Ori,05:52.4,+01:51,4.78
5511,109 Vir,14:46.2,+01:54,3.72
6149,10Lam Oph,16:30.9,+01:59,3.82
5601,110 Vir,15:2.9,+02:5,4.40
3665,22The Hya,09:14.4,+02:19,3.88
3145,,08:2.3,+02:20,4.39
2506,18 Mon,06:47.9,+02:25,4.47
1567,8Pi 5Ori,04:54.3,+02:26,3.72
6752,70 Oph,18:5.5,+02:30,4.03
6629,62Gam Oph,17:47.9,+02:42,3.75
596,113Alp Psc,02:2.0,+02:46,4.33
4418,84Tau Leo,11:27.9,+02:51,4.95
1698,17Rho Ori,05:13.3,+02:52,4.46
6714,67 Oph,18:0.6,+02:56,3.97
1811,30Psi2Ori,05:26.8,+03:6,4.59
7377,30Del Aql,19:25.5,+03:7,3.36
549,111Xi Psc,01:53.6,+03:11,4.62
804,86Gam Cet,02:43.3,+03:14,3.47
8852,6Gam Psc,23:17.2,+03:17,3.69
4695,16 Vir,12:20.4,+03:19,4.96
3418,5Sig Hya,08:38.8,+03:20,4.44
996,96Kap1Cet,03:19.4,+03:22,4.83
6866,74 Oph,18:20.9,+03:23,4.86
4910,43Del Vir,12:55.6,+03:24,3.38
3454,7Eta Hya,08:43.2,+03:24,4.30
1770,23 Ori,05:22.8,+03:33,5.00
4291,58 Leo,11:0.6,+03:37,4.84
5105,78 Vir,13:34.1,+03:40,4.94
8773,4Bet Psc,23:3.9,+03:49,4.53
911,92Alp Cet,03:2.3,+04:5,2.53
1934,47Ome Ori,05:39.2,+04:7,4.57
6498,49Sig Oph,17:26.5,+04:8,4.34
7142,63The2Ser,18:56.2,+04:12,4.98
7141,63The1Ser,18:56.2,+04:12,4.62
6712,66 Oph,18:0.3,+04:22,4.64
5892,37Eps Ser,15:50.8,+04:29,3.71
6603,60Bet Oph,17:43.5,+04:34,2.77
2298,8Eps Mon,06:23.8,+04:36,4.44
3834,,09:38.5,+04:39,4.68
8551,35 Peg,22:27.9,+04:42,4.79
8413,22Nu Peg,22:5.7,+05:4,4.84
3613,18Ome Hya,09:6.0,+05:6,4.97
2943,10Alp CMi,07:39.3,+05:14,0.38
8131,8Alp Equ,21:15.8,+05:15,3.92
5015,60Sig Vir,13:17.6,+05:28,4.80
489,106Nu Psc,01:41.4,+05:29,4.44
754,78Nu Cet,02:35.9,+05:36,4.86
1552,3Pi 4Ori,04:51.2,+05:36,3.69
8969,17Iot Psc,23:40.0,+05:38,4.13
3410,4Del Hya,08:37.7,+05:42,4.16
3492,13Rho Hya,08:48.4,+05:50,4.36
3547,16Zet Hya,08:55.4,+05:57,3.11
1839,32 Ori,05:30.8,+05:57,4.20
1251,38Nu Tau,04:3.2,+05:59,3.91
4386,77Sig Leo,11:21.1,+06:2,4.05
4294,59 Leo,11:0.7,+06:6,4.99
434,98Mu Psc,01:30.2,+06:9,4.84
8450,26The Peg,22:10.2,+06:12,3.53
1790,24Gam Ori,05:25.1,+06:21,1.64
8916,10The Psc,23:28.0,+06:23,4.28
7602,60Bet Aql,19:55.3,+06:24,3.71
3482,11Eps Hya,08:46.8,+06:25,3.38
5854,24Alp Ser,15:44.3,+06:26,2.65
4517,3Nu Vir,11:45.9,+06:32,4.03
4589,8Pi Vir,12:0.9,+06:37,4.66
3827,10 Leo,09:37.2,+06:50,5.00
9072,28Ome Psc,23:59.3,+06:52,4.01
1543,1Pi 3Ori,04:49.8,+06:58,3.19
2385,13 Mon,06:32.9,+07:20,4.50
4310,63Chi Leo,11:5.0,+07:20,4.63
5868,27Lam Ser,15:46.4,+07:21,4.43
7429,38Mu Aql,19:34.1,+07:23,4.45
2061,58Alp Ori,05:55.2,+07:24,0.50
224,63Del Psc,00:48.7,+07:35,4.43
294,71Eps Psc,01:2.9,+07:53,4.28
2503,17 Mon,06:47.3,+08:2,4.77
3950,29Pi Leo,10:0.2,+08:3,4.70
5480,31 Boo,14:41.6,+08:10,4.86
4515,2Xi Vir,11:45.3,+08:15,4.85
2845,3Bet CMi,07:27.1,+08:17,2.90
718,73Xi 2Cet,02:28.2,+08:28,4.28
7595,59Xi Aql,19:54.2,+08:28,4.71
4608,9Omi Vir,12:5.2,+08:44,4.12
6770,71 Oph,18:7.3,+08:44,4.64
8717,50Rho Peg,22:55.2,+08:49,4.90
649,65Xi 1Cet,02:13.0,+08:51,4.37
7557,53Alp Aql,19:50.8,+08:52,0.77
1320,49Mu Tau,04:15.5,+08:54,4.29
1544,2Pi 2Ori,04:50.6,+08:54,4.36
896,91Lam Cet,02:59.7,+08:54,4.70
2854,4Gam CMi,07:28.2,+08:56,4.32
1030,1Omi Tau,03:24.8,+09:2,3.60
510,110Omi Psc,01:45.4,+09:9,4.26
3249,17Bet Cnc,08:16.5,+09:11,3.52
1311,47 Tau,04:13.9,+09:16,4.84
2828,2Eps CMi,07:25.6,+09:17,4.99
1907,40Phi2Ori,05:36.9,+09:17,4.09
4133,47Rho Leo,10:32.8,+09:18,3.85
6299,27Kap Oph,16:57.7,+09:22,3.20
8795,55 Peg,23:7.0,+09:25,4.52
1876,37Phi1Ori,05:34.8,+09:29,4.41
6771,72 Oph,18:7.3,+09:34,3.73
2124,61Mu Ori,06:2.4,+09:39,4.12
1038,2Xi Tau,03:27.2,+09:44,3.74
8308,8Eps Peg,21:44.2,+09:52,2.39
3852,14Omi Leo,09:41.1,+09:54,3.52
2456,15 Mon,06:41.0,+09:54,4.66
1879,39Lam Ori,05:35.1,+09:56,3.54
3980,31 Leo,10:7.9,+09:60,4.37
8123,7Del Equ,21:14.5,+10:0,4.49
813,87Mu Cet,02:44.9,+10:7,4.27
8097,5Gam Equ,21:10.3,+10:8,4.69
1570,7Pi 1Ori,04:54.9,+10:9,4.65
1458,88 Tau,04:35.7,+10:10,4.25
6281,25Iot Oph,16:54.0,+10:10,4.38
4828,30Rho Vir,12:41.9,+10:14,4.88
4399,78Iot Leo,11:23.9,+10:32,3.94
5788,13Del Ser,15:34.8,+10:32,3.80
5789,13Del Ser,15:34.8,+10:32,3.80
7525,50Gam Aql,19:46.3,+10:37,2.72
8634,42Zet Peg,22:41.5,+10:50,3.40
4932,47Eps Vir,13:2.2,+10:58,2.83
3782,5Xi Leo,09:31.9,+11:18,4.97
7852,2Eps Del,20:33.2,+11:18,4.03
6159,29 Her,16:32.6,+11:29,4.84
3572,65Alp Cnc,08:58.5,+11:51,4.25
3982,32Alp Leo,10:8.4,+11:58,1.35
2864,6 CMi,07:29.8,+12:0,4.54
8665,46Xi Peg,22:46.7,+12:10,4.19
1239,35Lam Tau,04:0.7,+12:29,3.47
1473,90 Tau,04:38.2,+12:31,4.27
6556,55Alp Oph,17:34.9,+12:34,2.08
2010,134 Tau,05:49.5,+12:39,4.91
6355,60 Her,17:5.4,+12:44,4.91
8923,70 Peg,23:29.2,+12:46,4.55
2484,31Xi Gem,06:45.3,+12:54,3.36
1066,5 Tau,03:30.9,+12:56,4.11
2564,38 Gem,06:54.6,+13:11,4.65
2478,30 Gem,06:44.0,+13:14,4.49
1580,9Omi2Ori,04:56.4,+13:31,4.07
5477,30Zet Boo,14:41.1,+13:44,4.83
5478,30Zet Boo,14:41.1,+13:44,4.43
5072,70 Vir,13:28.4,+13:47,4.98
7235,17Zet Aql,19:5.4,+13:52,2.99
6117,24Ome Her,16:25.4,+14:2,4.57
6337,,17:3.1,+14:6,4.98
2199,70Xi Ori,06:11.9,+14:13,4.48
1556,4Omi1Ori,04:52.5,+14:15,4.74
6406,64Alp1Her,17:14.6,+14:23,3.48
4534,94Bet Leo,11:49.1,+14:34,2.14
7882,6Bet Del,20:37.5,+14:36,3.63
7871,4Zet Del,20:35.3,+14:40,4.68
1396,73Pi Tau,04:26.6,+14:43,4.69
2159,67Nu Ori,06:7.6,+14:46,4.42
1444,86Rho Tau,04:33.8,+14:51,4.65
7176,13Eps Aql,18:59.6,+15:4,4.02
7928,11Del Del,20:43.5,+15:4,4.43
39,88Gam Peg,00:13.2,+15:11,2.83
7724,67Rho Aql,20:14.3,+15:12,4.95
8781,54Alp Peg,23:4.8,+15:12,2.49
437,99Eta Psc,01:31.5,+15:21,3.62
1638,11 Ori,05:4.6,+15:24,4.68
5867,28Bet Ser,15:46.2,+15:25,3.67
4359,70The Leo,11:14.2,+15:26,3.34
1676,15 Ori,05:9.7,+15:36,4.82
1394,71 Tau,04:26.3,+15:37,4.49
1346,54Gam Tau,04:19.8,+15:38,3.65
5933,41Gam Ser,15:56.5,+15:40,3.85
5200,5Ups Boo,13:49.5,+15:48,4.07
1412,78The2Tau,04:28.7,+15:52,3.40
7906,9Alp Del,20:39.6,+15:55,3.77
1479,92Sig2Tau,04:39.3,+15:55,4.69
1411,77The1Tau,04:28.6,+15:58,3.84
7948,12Gam2Del,20:46.7,+16:7,4.27
2198,69 Ori,06:12.1,+16:8,4.95
2717,51 Gem,07:13.4,+16:10,5.00
1427,,04:30.6,+16:12,4.78
5370,20 Boo,14:19.8,+16:18,4.86
1407,75 Tau,04:28.4,+16:22,4.97
2421,24Gam Gem,06:37.7,+16:24,1.93
5475,29Pi 1Boo,14:40.7,+16:25,4.94
1457,87Alp Tau,04:35.9,+16:31,0.85
1946,126 Tau,05:41.3,+16:32,4.86
2763,54Lam Gem,07:18.1,+16:32,3.58
6713,93 Her,18:0.1,+16:45,4.67
3975,30Eta Leo,10:7.3,+16:46,3.52
5502,35Omi Boo,14:45.2,+16:58,4.60
6008,7Kap Her,16:8.1,+17:3,5.00
8313,9 Peg,21:44.5,+17:21,4.34
1780,111 Tau,05:24.4,+17:23,4.99
4920,36 Com,12:58.9,+17:25,4.78
1380,64Del2Tau,04:24.1,+17:27,4.80
5185,4Tau Boo,13:47.3,+17:27,4.50
7488,6Bet Sge,19:41.0,+17:29,4.37
1373,61Del1Tau,04:22.9,+17:33,3.76
4697,11 Com,12:20.7,+17:48,4.74
1389,68Del3Tau,04:25.5,+17:56,4.29
7479,5Alp Sge,19:40.1,+18:1,4.37
6452,,17:20.3,+18:3,5.00
5879,35Kap Ser,15:48.7,+18:9,4.09
3461,47Del Cnc,08:44.7,+18:9,3.94
7069,111 Her,18:47.0,+18:11,4.36
5235,8Eta Boo,13:54.7,+18:24,2.68
3003,81 Gem,07:46.1,+18:31,4.88
7536,7Del Sge,19:47.4,+18:32,3.82
1845,119 Tau,05:32.2,+18:36,4.38
1656,104 Tau,05:7.5,+18:39,5.00
5544,37Xi Boo,14:51.4,+19:6,4.55
7546,8Zet Sge,19:49.0,+19:9,5.00
6095,20Gam Her,16:21.9,+19:9,3.75
1409,74Eps Tau,04:28.6,+19:11,3.53
5340,16Alp Boo,14:15.7,+19:11,-0.04
546,5Gam2Ari,01:53.5,+19:18,4.75
545,5Gam1Ari,01:53.5,+19:18,4.83
4054,40 Leo,10:19.7,+19:28,4.79
7635,12Gam Sge,19:58.8,+19:30,3.47
5842,21Iot Ser,15:41.6,+19:40,4.52
951,57Del Ari,03:11.6,+19:44,4.35
7437,9 Vul,19:34.6,+19:46,5.00
8173,1 Peg,21:22.1,+19:48,4.08
4058,41Gam2Leo,10:20.0,+19:50,3.80
4057,41Gam1Leo,10:20.0,+19:51,2.61
2135,62Chi2Ori,06:3.9,+20:8,4.63
4300,60 Leo,11:2.3,+20:11,4.42
45,89Chi Peg,00:14.6,+20:12,4.80
2343,18Nu Gem,06:29.0,+20:13,4.15
4527,93 Leo,11:48.0,+20:13,4.53
2047,54Chi1Ori,05:54.4,+20:17,4.41
4357,68Del Leo,11:14.1,+20:31,2.56
7061,110 Her,18:45.7,+20:33,4.19
2650,43Zet Gem,07:4.1,+20:34,3.79
1329,50Ome2Tau,04:17.3,+20:35,4.94
553,6Bet Ari,01:54.6,+20:48,2.64
6787,102 Her,18:8.8,+20:49,4.36
5899,38Rho Ser,15:51.3,+20:59,4.76
351,84Chi Psc,01:11.5,+21:2,4.66
972,58Zet Ari,03:14.9,+21:3,4.89
1910,123Zet Tau,05:37.6,+21:9,3.00
7891,29 Vul,20:38.5,+21:12,4.82
4894,35 Com,12:53.3,+21:15,4.90
5201,6 Boo,13:49.7,+21:16,4.91
887,48Eps Ari,02:59.2,+21:20,4.63
888,48Eps Ari,02:59.2,+21:20,4.63
7306,1 Vul,19:16.2,+21:23,4.77
3449,43Gam Cnc,08:43.3,+21:28,4.66
6148,27Bet Her,16:30.2,+21:29,2.77
1620,102Iot Tau,05:3.1,+21:35,4.64
6730,95 Her,18:1.5,+21:36,4.96
6895,109 Her,18:23.7,+21:46,3.84
1810,114 Tau,05:27.6,+21:56,4.88
6868,106 Her,18:20.3,+21:58,4.95
2777,55Del Gem,07:20.1,+21:59,3.53
1256,37 Tau,04:4.7,+22:5,4.36
1739,109 Tau,05:19.3,+22:6,4.94
1387,65Kap1Tau,04:25.4,+22:18,4.22
2216,7Eta Gem,06:14.9,+22:30,3.28
2286,13Mu Gem,06:23.0,+22:31,2.88
7565,12 Vul,19:51.1,+22:37,4.95
4789,23 Com,12:34.9,+22:38,4.81
7133,113 Her,18:54.7,+22:39,4.59
5972,44Pi Ser,16:2.3,+22:48,4.83
1392,69Ups Tau,04:26.3,+22:49,4.28
1497,94Tau Tau,04:42.2,+22:57,4.28
3773,4Lam Leo,09:31.7,+22:58,4.31
4362,72 Leo,11:15.2,+23:6,4.63
2134,1 Gem,06:4.1,+23:16,4.16
8905,68Ups Peg,23:25.4,+23:24,4.40
4031,36Zet Leo,10:16.7,+23:25,3.44
271,38Eta And,00:57.2,+23:25,4.42
617,13Alp Ari,02:7.2,+23:28,2.00
8667,47Lam Peg,22:46.5,+23:34,3.95
569,9Lam Ari,01:57.9,+23:36,4.79
8225,2 Peg,21:29.9,+23:38,4.57
8880,62Tau Peg,23:20.6,+23:44,4.60
3873,17Eps Leo,09:45.9,+23:46,2.98
4667,7 Com,12:16.3,+23:57,4.95
1156,23 Tau,03:46.3,+23:57,4.18
1178,27 Tau,03:49.2,+24:3,3.63
7592,13 Vul,19:53.5,+24:5,4.58
1165,25Eta Tau,03:47.5,+24:6,2.87
1142,17 Tau,03:44.9,+24:7,3.70
215,34Zet And,00:47.3,+24:16,4.06
1149,20 Tau,03:45.8,+24:22,3.87
2985,77Kap Gem,07:44.4,+24:24,3.57
1145,19 Tau,03:45.2,+24:28,4.30
2002,132 Tau,05:49.0,+24:34,4.86
360,85Phi Psc,01:13.7,+24:35,4.65
8684,48Mu Peg,22:50.0,+24:36,3.48
7405,6Alp Vul,19:28.7,+24:40,4.44
4259,54 Leo,10:55.6,+24:45,4.50
6410,65Del Her,17:15.0,+24:50,3.14
5634,45 Boo,15:7.3,+24:52,4.93
5600,41Ome Boo,15:2.1,+25:0,4.81
5304,12 Boo,14:10.4,+25:6,4.83
2473,27Eps Gem,06:43.9,+25:8,2.98
9064,84Psi Peg,23:57.8,+25:8,4.66
7939,30 Vul,20:44.9,+25:16,4.91
8430,24Iot Peg,22:7.0,+25:21,3.76
8796,56 Peg,23:7.1,+25:28,4.76
7739,,20:15.3,+25:36,4.78
8315,10Kap Peg,21:44.6,+25:39,4.13
4707,12 Com,12:22.5,+25:51,4.81
5958,,15:59.5,+25:55,2.00
623,14 Ari,02:9.4,+25:56,4.98
2084,139 Tau,05:58.0,+25:57,4.82
3905,24Mu Leo,09:52.8,+26:0,3.88
5889,10Del CrB,15:49.6,+26:4,4.63
6526,76Lam Her,17:30.7,+26:7,4.41
3731,1Kap Leo,09:24.7,+26:11,4.46
5849,8Gam CrB,15:42.7,+26:18,3.84
5490,34 Boo,14:43.4,+26:32,4.81
7064,,18:46.1,+26:40,4.83
5793,5Alp CrB,15:34.7,+26:43,2.23
3067,83Phi Gem,07:53.5,+26:46,4.97
4738,16 Com,12:27.0,+26:50,5.00
5947,13Eps CrB,15:57.6,+26:53,4.15
2905,69Ups Gem,07:35.9,+26:54,4.06
5616,43Psi Boo,15:4.4,+26:57,4.54
5506,36Eps Boo,14:45.0,+27:4,2.70
7995,31 Vul,20:52.1,+27:6,4.59
838,41 Ari,02:50.0,+27:16,3.63
383,90Ups Psc,01:19.5,+27:16,4.76
4733,14 Com,12:26.4,+27:16,4.95
1348,52Phi Tau,04:20.4,+27:21,4.95
4883,31 Com,12:51.7,+27:32,4.94
2034,136 Tau,05:53.3,+27:37,4.58
4954,41 Com,13:7.2,+27:37,4.80
801,35 Ari,02:43.5,+27:42,4.66
6623,86Mu Her,17:46.5,+27:43,3.42
7653,15 Vul,20:1.1,+27:45,4.64
3149,Chi Gem,08:3.5,+27:48,4.94
2821,60Iot Gem,07:25.7,+27:48,3.79
7744,23 Vul,20:15.8,+27:49,4.52
4983,43Bet Com,13:11.9,+27:53,4.26
7417,6Bet1Cyg,19:30.7,+27:58,3.08
2990,78Bet Gem,07:45.3,+28:2,1.14
8775,53Bet Peg,23:3.8,+28:5,2.42
4737,15Gam Com,12:26.9,+28:16,4.36
8522,32 Peg,22:21.3,+28:20,4.81
1791,112Bet Tau,05:26.3,+28:36,1.65
8309,78Mu 1Cyg,21:44.1,+28:45,4.73
3475,48Iot Cnc,08:46.7,+28:46,4.02
6779,103Omi Her,18:7.5,+28:46,3.83
2973,75Sig Gem,07:43.3,+28:53,4.28
999,,03:20.3,+29:3,4.47
15,21Alp And,00:8.4,+29:5,2.06
5747,3Bet CrB,15:27.8,+29:6,3.68
824,39 Ari,02:47.9,+29:15,4.51
6703,92Xi Her,17:57.8,+29:15,3.70
8641,43Omi Peg,22:41.8,+29:18,4.79
163,30Eps And,00:38.6,+29:19,4.37
8997,78 Peg,23:44.0,+29:22,4.93
2219,44Kap Aur,06:15.4,+29:30,4.35
544,2Alp Tri,01:53.1,+29:35,3.41
7372,2 Cyg,19:24.1,+29:37,4.97
5447,28Sig Boo,14:34.7,+29:45,4.46
5971,14Iot CrB,16:1.4,+29:51,4.99
352,83Tau Psc,01:11.7,+30:5,4.51
7478,12Phi Cyg,19:39.4,+30:9,4.69
6707,94Nu Her,17:58.5,+30:11,4.41
8650,44Eta Peg,22:43.0,+30:13,2.94
8115,64Zet Cyg,21:12.9,+30:14,3.20
2697,46Tau Gem,07:11.1,+30:15,4.41
642,6 Tri,02:12.4,+30:18,4.94
7834,41 Cyg,20:29.4,+30:22,4.01
5429,25Rho Boo,14:31.8,+30:22,3.58
7942,52 Cyg,20:45.7,+30:43,4.22
4924,37 Com,13:0.3,+30:47,4.90
165,31Del And,00:39.3,+30:52,3.27
6103,19Xi CrB,16:22.1,+30:54,4.85
6324,58Eps Her,17:0.3,+30:56,3.92
8943,72 Peg,23:34.0,+31:20,4.98
5778,4The CrB,15:32.9,+31:22,4.14
6815,104 Her,18:11.9,+31:24,4.97
4374,53Xi UMa,11:18.2,+31:32,4.87
4375,53Xi UMa,11:18.2,+31:32,4.41
6212,40Zet Her,16:41.3,+31:36,2.81
2852,62Rho Gem,07:29.1,+31:47,4.18
1203,44Zet Per,03:54.1,+31:53,2.85
2891,66Alp Gem,07:34.6,+31:53,1.98
2890,66Alp Gem,07:34.6,+31:53,2.88
4166,37 LMi,10:38.7,+31:59,4.71
7192,15Lam Lyr,19:0.0,+32:9,4.93
7806,39 Cyg,20:23.9,+32:11,4.43
1843,25Chi Aur,05:32.7,+32:12,4.76
1131,38Omi Per,03:44.3,+32:17,3.83
7178,14Gam Lyr,18:58.9,+32:41,3.24
7564,Chi Cyg,19:50.6,+32:55,4.23
4668,,12:16.5,+33:4,5.00
4377,54Nu UMa,11:18.5,+33:6,3.48
6431,68 Her,17:17.3,+33:6,4.82
1577,3Iot Aur,04:57.0,+33:10,2.69
8454,29Pi 2Peg,22:10.0,+33:11,4.29
5681,49Del Boo,15:15.5,+33:19,3.47
7106,10Bet Lyr,18:50.1,+33:22,3.45
1726,16 Aur,05:18.2,+33:22,4.54
154,29Pi And,00:36.9,+33:43,4.36
7534,17 Cyg,19:46.4,+33:44,4.99
4090,30 LMi,10:25.9,+33:48,4.74
664,9Gam Tri,02:17.3,+33:51,4.01
2540,34The Gem,06:52.8,+33:58,3.60
1123,40 Per,03:42.4,+33:58,4.97
7949,53Eps Cyg,20:46.2,+33:58,2.46
4247,46 LMi,10:53.3,+34:13,3.83
991,,03:18.7,+34:13,4.82
660,8Del Tri,02:17.1,+34:13,4.87
7956,,20:47.2,+34:22,4.92
3705,40Alp Lyn,09:21.1,+34:24,3.13
5219,,13:51.8,+34:27,4.74
7426,8 Cyg,19:31.8,+34:27,4.74
1343,54 Per,04:20.4,+34:34,4.93
2930,71Omi Gem,07:39.2,+34:35,4.90
8146,66Ups Cyg,21:17.9,+34:54,4.43
622,4Bet Tri,02:9.5,+34:59,3.00
843,17 Per,02:51.5,+35:4,4.53
7615,21Eta Cyg,19:56.3,+35:5,3.89
882,24 Per,02:59.1,+35:11,4.93
3974,21 LMi,10:7.4,+35:15,4.48
7866,47 Cyg,20:33.9,+35:15,4.61
5361,,14:18.0,+35:31,4.81
337,43Bet And,01:9.7,+35:37,2.06
5901,11Kap CrB,15:51.2,+35:39,4.82
1228,46Xi Per,03:59.0,+35:47,4.04
6872,1Kap Lyr,18:19.9,+36:4,4.33
5127,25 CVn,13:37.5,+36:18,4.82
3800,10 LMi,09:34.2,+36:24,4.55
7963,54Lam Cyg,20:47.4,+36:29,4.53
6018,16Tau CrB,16:9.0,+36:29,4.76
1551,2 Aur,04:52.6,+36:42,4.78
4100,31Bet LMi,10:27.9,+36:42,4.21
68,25Sig And,00:18.3,+36:47,4.52
3690,38 Lyn,09:18.8,+36:48,3.82
7736,29 Cyg,20:14.5,+36:48,4.97
6418,67Pi Her,17:15.0,+36:49,3.16
7708,28 Cyg,20:9.4,+36:50,4.93
7139,12Del2Lyr,18:54.5,+36:54,4.30
6485,75Rho Her,17:23.7,+37:9,4.52
5110,,13:34.8,+37:11,4.98
2095,37The Aur,05:59.7,+37:13,2.62
6695,91The Her,17:56.3,+37:15,3.86
6436,69 Her,17:17.7,+37:18,4.65
2011,31Ups Aur,05:51.0,+37:18,4.74
7517,15 Cyg,19:44.3,+37:21,4.89
5733,51Mu 1Boo,15:24.5,+37:23,4.31
1773,21Sig Aur,05:24.7,+37:23,4.99
1533,,04:49.9,+37:29,4.88
7056,6Zet1Lyr,18:44.8,+37:36,4.36
8498,1 Lac,22:16.0,+37:45,4.13
620,58 And,02:8.5,+37:52,4.82
1592,4Ome Aur,04:59.3,+37:53,4.94
7763,34 Cyg,20:17.8,+38:2,4.81
8130,65Tau Cyg,21:14.8,+38:3,3.72
7314,21The Lyr,19:16.4,+38:8,4.36
4380,55 UMa,11:19.1,+38:11,4.78
5435,27Gam Boo,14:32.1,+38:18,3.03
4915,12Alp2CVn,12:56.0,+38:19,2.90
840,16 Per,02:50.6,+38:19,4.23
3612,,09:6.5,+38:27,4.56
1689,11Mu Aur,05:13.4,+38:29,4.86
7613,22 Cyg,19:55.9,+38:29,4.94
269,37Mu And,00:56.8,+38:30,3.87
8255,72 Cyg,21:34.8,+38:32,4.90
63,24The And,00:17.1,+38:41,4.61
7001,3Alp Lyr,18:36.9,+38:47,0.03
921,25Rho Per,03:5.2,+38:50,3.39
6220,44Eta Her,16:42.9,+38:55,3.53
8622,10 Lac,22:39.3,+39:3,4.88
7298,20Eta Lyr,19:13.8,+39:9,4.39
2012,32Nu Aur,05:51.5,+39:9,3.97
1995,29Tau Aur,05:49.2,+39:11,4.52
2696,63 Aur,07:11.7,+39:19,4.90
8143,67Sig Cyg,21:17.4,+39:24,4.23
947,28Ome Per,03:11.3,+39:37,4.63
3809,,09:35.1,+39:37,4.81
879,22Pi Per,02:58.8,+39:40,4.70
8485,,22:13.9,+39:43,4.49
1220,45Eps Per,03:57.9,+40:1,2.89
1729,15Lam Aur,05:19.1,+40:6,4.71
4997,,13:13.7,+40:9,4.92
788,12 Per,02:42.2,+40:12,4.91
7796,37Gam Cyg,20:22.2,+40:15,2.20
5602,42Bet Boo,15:1.9,+40:23,3.50
4132,,10:33.2,+40:26,4.75
1306,52 Per,04:14.9,+40:29,4.71
5017,20 CVn,13:17.5,+40:34,4.73
477,53Tau And,01:40.6,+40:35,4.94
936,26Bet Per,03:8.2,+40:57,2.12
1612,8Zet Aur,05:2.5,+41:5,3.75
226,35Nu And,00:49.8,+41:5,4.53
8028,58Nu Cyg,20:57.2,+41:10,3.94
1641,10Eta Aur,05:6.5,+41:14,3.17
1454,58 Per,04:36.7,+41:16,4.25
4785,8Bet CVn,12:33.7,+41:21,4.26
458,50Ups And,01:36.8,+41:24,4.09
4069,34Mu UMa,10:22.3,+41:30,3.05
3579,,09:0.6,+41:47,3.97
8762,1Omi And,23:1.9,+42:20,3.62
603,57Gam1And,02:3.9,+42:20,2.26
604,57Gam2And,02:3.9,+42:20,4.84
6168,35Sig Her,16:34.1,+42:26,4.20
5914,1Chi Her,15:52.7,+42:27,4.62
2427,50Psi2Aur,06:39.3,+42:29,4.79
1135,41Nu Per,03:45.2,+42:35,3.77
483,,01:41.8,+42:37,4.95
4033,33Lam UMa,10:17.1,+42:55,3.45
8579,6 Lac,22:30.5,+43:7,4.51
3275,31 Lyn,08:22.8,+43:11,4.25
4248,45Ome UMa,10:54.0,+43:11,4.71
8965,17Iot And,23:38.1,+43:16,4.29
8699,15 Lac,22:52.0,+43:19,4.94
1002,32 Per,03:21.4,+43:20,4.95
6791,,18:7.5,+43:28,5.00
4392,56 UMa,11:22.8,+43:29,4.99
1605,7Eps Aur,05:2.0,+43:49,2.99
8079,62Xi Cyg,21:4.9,+43:56,3.72
8154,68 Cyg,21:18.5,+43:57,5.00
7157,13 Lyr,18:55.3,+43:57,4.04
643,60 And,02:13.2,+44:14,4.83
8632,11 Lac,22:40.5,+44:17,4.46
8976,19Kap And,23:40.4,+44:20,4.14
469,52Chi And,01:39.4,+44:23,4.98
8001,57 Cyg,20:53.2,+44:23,4.78
4335,52Psi UMa,11:9.7,+44:30,3.01
941,27Kap Per,03:9.5,+44:51,3.80
6023,11Phi Her,16:8.8,+44:56,4.26
2088,34Bet Aur,05:59.5,+44:57,1.90
2585,16 Lyn,06:57.6,+45:6,4.90
7528,18Del Cyg,19:45.0,+45:8,2.87
7924,50Alp Cyg,20:41.4,+45:17,1.25
417,48Ome And,01:27.7,+45:24,4.83
4846,,12:45.1,+45:26,4.99
390,46Xi And,01:22.3,+45:32,4.88
8252,73Rho Cyg,21:34.0,+45:36,4.02
2091,35Pi Aur,05:59.9,+45:56,4.26
6254,52 Her,16:49.2,+45:59,4.82
1708,13Alp Aur,05:16.7,+45:60,0.08
6588,85Iot Her,17:39.5,+46:0,3.80
5982,6Ups Her,16:2.8,+46:2,4.76
5351,19Lam Boo,14:16.4,+46:5,4.18
7977,55 Cyg,20:48.9,+46:7,4.84
6092,22Tau Her,16:19.7,+46:19,3.89
9003,20Psi And,23:46.0,+46:25,4.95
8961,16Lam And,23:37.6,+46:27,3.82
1350,53 Per,04:21.6,+46:30,4.85
8523,2 Lac,22:21.0,+46:32,4.57
7735,31 Cyg,20:13.6,+46:44,3.79
7730,30 Cyg,20:13.3,+46:49,4.83
184,20Pi Cas,00:43.5,+47:1,4.94
3594,12Kap UMa,09:3.6,+47:9,3.60
335,42Phi And,01:9.5,+47:15,4.25
8047,59 Cyg,20:59.8,+47:31,4.74
8089,63 Cyg,21:6.6,+47:39,4.55
5618,44 Boo,15:3.8,+47:39,4.76
8572,5 Lac,22:29.5,+47:42,4.36
1273,48 Per,04:8.7,+47:43,4.04
7751,32 Cyg,20:15.5,+47:43,3.98
4518,63Chi UMa,11:46.0,+47:47,3.71
1122,39Del Per,03:42.9,+47:47,3.01
1052,35Sig Per,03:30.6,+47:60,4.36
3569,9Iot UMa,08:59.2,+48:3,3.14
1087,37Psi Per,03:36.5,+48:12,4.23
193,22Omi Cas,00:44.7,+48:17,4.54
1303,51Mu Per,04:14.9,+48:25,4.14
464,51 And,01:38.0,+48:38,3.57
6200,42 Her,16:38.7,+48:56,4.90
7844,45Ome1Cyg,20:30.1,+48:57,4.95
8860,8 And,23:17.7,+49:1,4.85
5112,24 CVn,13:34.5,+49:1,4.70
1034,,03:28.1,+49:4,4.98
2818,21 Lyn,07:26.7,+49:13,4.64
799,13The Per,02:44.2,+49:14,4.12
2289,46Psi1Aur,06:24.9,+49:17,4.91
8335,81Pi 2Cyg,21:46.8,+49:19,4.23
5191,85Eta UMa,13:47.5,+49:19,1.86
8830,7 And,23:12.6,+49:24,4.52
8541,4 Lac,22:24.5,+49:29,4.57
1044,34 Per,03:29.4,+49:31,4.67
937,Iot Per,03:9.1,+49:37,4.05
8726,,22:56.4,+49:44,4.95
1017,33Alp Per,03:24.3,+49:52,1.79
8780,3 And,23:4.2,+50:3,4.65
7469,13The Cyg,19:36.4,+50:13,4.48
699,65 And,02:25.6,+50:17,4.71
8585,7Alp Lac,22:31.3,+50:17,3.77
1324,,04:18.2,+50:18,4.61
1261,47Lam Per,04:6.6,+50:21,4.29
179,19Xi Cas,00:42.1,+50:31,4.80
496,Phi Per,01:43.7,+50:41,4.07
7137,,18:53.2,+50:42,4.92
223,25Nu Cas,00:48.8,+50:58,4.89
8301,80Pi 1Cyg,21:42.1,+51:11,4.67
5350,21Iot Boo,14:16.2,+51:22,4.75
9066,,23:58.4,+51:23,4.80
6705,33Gam Dra,17:56.6,+51:29,2.23
3173,27 Lyn,08:8.5,+51:30,4.84
8613,9 Lac,22:37.4,+51:33,4.63
4716,5 CVn,12:24.0,+51:34,4.80
1637,9 Aur,05:6.7,+51:36,5.00
3619,15 UMa,09:8.9,+51:36,4.48
3775,25The UMa,09:32.9,+51:41,3.17
7420,10Iot2Cyg,19:29.7,+51:44,3.79
5329,17Kap2Boo,14:13.5,+51:47,4.54
5404,23The Boo,14:25.2,+51:51,4.05
3799,26 UMa,09:34.8,+52:3,4.50
8538,3Bet Lac,22:23.6,+52:14,4.43
6536,23Bet Dra,17:30.4,+52:18,2.79
7619,24Psi Cyg,19:55.6,+52:26,4.92
854,18Tau Per,02:54.3,+52:46,3.95
7328,1Kap Cyg,19:17.1,+53:22,3.77
915,23Gam Per,03:4.8,+53:30,2.93
4554,64Gam UMa,11:53.8,+53:42,2.44
1568,7 Cam,04:57.3,+53:45,4.47
153,17Zet Cas,00:37.0,+53:54,3.66
3662,18 UMa,09:16.2,+54:1,4.83
3894,30Phi UMa,09:52.1,+54:4,4.59
2077,33Del Aur,05:59.5,+54:17,3.72
123,14Lam Cas,00:31.8,+54:31,4.73
5154,83 UMa,13:40.7,+54:41,4.66
5960,,15:57.8,+54:45,4.95
5055,79Zet UMa,13:23.9,+54:55,3.95
5054,79Zet UMa,13:23.9,+54:56,2.27
5062,80 UMa,13:25.2,+54:59,4.01
343,33The Cas,01:11.1,+55:9,4.33
6555,25Nu 2Dra,17:32.3,+55:10,4.87
6554,24Nu 1Dra,17:32.2,+55:11,4.88
2029,30Xi Aur,05:54.8,+55:42,4.99
9071,8Sig Cas,23:59.0,+55:45,4.88
834,15Eta Per,02:50.7,+55:54,3.76
4905,77Eps UMa,12:54.0,+55:58,1.77
4112,36 UMa,10:30.6,+55:59,4.84
4931,78 UMa,13:0.7,+56:22,4.93
4295,48Bet UMa,11:1.8,+56:23,2.37
168,18Alp Cas,00:40.5,+56:32,2.23
7740,33 Cyg,20:13.4,+56:34,4.30
918,,03:5.5,+56:42,4.76
6237,,16:45.3,+56:47,4.85
6688,32Xi Dra,17:53.5,+56:52,3.75
8752,,23:0.1,+56:57,5.00
4660,69Del UMa,12:15.4,+57:2,3.31
8494,23Eps Cep,22:15.0,+57:3,4.19
6978,45 Dra,18:32.6,+57:3,4.77
9045,7Rho Cas,23:54.4,+57:30,4.54
7955,,20:45.4,+57:35,4.51
7309,54 Dra,19:13.9,+57:42,4.99
219,24Eta Cas,00:49.1,+57:49,3.44
8465,21Zet Cep,22:10.9,+58:12,3.35
382,34Phi Cas,01:20.1,+58:14,4.98
8571,27Del Cep,22:29.2,+58:25,3.75
2560,15 Lyn,06:57.3,+58:25,4.35
8926,,23:30.0,+58:33,4.91
5986,13The Dra,16:1.9,+58:34,4.01
9008,5Tau Cas,23:47.1,+58:39,4.87
2946,24 Lyn,07:43.0,+58:43,4.99
8316,Mu Cep,21:43.5,+58:47,4.08
6923,39 Dra,18:23.9,+58:48,4.98
7633,,19:55.9,+58:51,4.96
1040,,03:29.9,+58:53,4.54
5744,12Iot Dra,15:24.9,+58:58,3.29
253,26Ups1Cas,00:55.0,+58:58,4.83
2238,2 Lyn,06:19.6,+59:1,4.48
3888,29Ups UMa,09:51.0,+59:2,3.80
21,11Bet Cas,00:9.2,+59:9,2.27
265,28Ups2Cas,00:56.7,+59:11,4.63
442,39Chi Cas,01:33.9,+59:14,4.71
7125,47Omi Dra,18:51.2,+59:23,4.66
8797,1 Cas,23:6.6,+59:25,4.85
2470,12 Lyn,06:46.2,+59:27,4.87
1035,,03:29.1,+59:56,4.21
403,37Del Cas,01:25.8,+60:14,2.68
1603,10Bet Cam,05:3.4,+60:27,4.03
264,27Gam Cas,00:56.7,+60:43,2.47
3323,1Omi UMa,08:30.3,+60:43,3.36
1205,,03:57.1,+61:7,5.00
8334,10Nu Cep,21:45.4,+61:7,4.29
244,,00:53.1,+61:7,4.82
6132,14Eta Dra,16:24.0,+61:31,2.74
2215,1 Lyn,06:17.9,+61:31,4.98
4301,50Alp UMa,11:3.7,+61:45,1.79
7957,3Eta Cep,20:45.3,+61:50,3.43
8279,9 Cep,21:37.9,+62:5,4.73
8904,4 Cas,23:24.8,+62:17,4.98
8162,5Alp Cep,21:18.6,+62:35,2.44
130,15Kap Cas,00:33.0,+62:56,4.16
7850,2The Cep,20:29.6,+62:60,4.22
3757,23 UMa,09:31.5,+63:4,3.67
1129,,03:46.0,+63:21,4.80
3624,14Tau UMa,09:10.9,+63:31,4.67
8383,,21:56.7,+63:38,4.91
542,45Eps Cas,01:54.4,+63:40,3.38
3403,4Pi 2UMa,08:40.2,+64:20,4.60
5291,11Alp Dra,14:4.4,+64:23,3.65
6223,18 Dra,16:40.9,+64:35,4.83
8417,17Xi Cep,22:3.8,+64:38,4.29
5226,10 Dra,13:51.4,+64:43,4.65
6315,19 Dra,16:56.0,+65:8,4.89
1155,,03:49.5,+65:32,4.47
6945,42 Dra,18:26.0,+65:34,4.82
4072,,10:24.1,+65:34,4.97
985,,03:20.0,+65:39,4.84
7371,58Pi Dra,19:20.7,+65:43,4.59
6396,22Zet Dra,17:8.8,+65:43,3.17
5589,,14:57.6,+65:56,4.60
8694,32Iot Cep,22:49.7,+66:12,3.52
1542,9Alp Cam,04:54.0,+66:21,4.29
3616,13Sig2UMa,09:10.4,+67:8,4.80
707,Iot Cas,02:29.1,+67:24,4.52
3576,8Rho UMa,09:2.5,+67:38,4.76
7310,57Del Dra,19:12.6,+67:40,3.07
7685,67Rho Dra,20:2.8,+67:52,4.51
8872,34Omi Cep,23:18.6,+68:7,4.75
399,36Psi Cas,01:25.9,+68:8,4.74
548,46Ome Cas,01:56.0,+68:41,4.99
6596,28Ome Dra,17:37.0,+68:45,4.80
6161,15 Dra,16:28.0,+68:46,5.00
4181,,10:43.1,+69:5,5.00
4765,4 Dra,12:30.1,+69:12,4.95
2209,,06:18.8,+69:19,4.80
4434,1Lam Dra,11:31.4,+69:20,3.84
7462,61Sig Dra,19:32.4,+69:40,4.68
4787,5Kap Dra,12:33.5,+69:47,3.87
3771,24 UMa,09:34.5,+69:50,4.56
4795,6 Dra,12:34.7,+70:1,4.94
7582,63Eps Dra,19:48.2,+70:16,3.83
8238,8Bet Cep,21:28.7,+70:34,3.23
575,48 Cas,02:2.0,+70:54,4.54
7180,52Ups Dra,18:54.4,+71:18,4.82
8317,11 Cep,21:41.9,+71:19,4.56
1148,Gam Cam,03:50.4,+71:20,4.63
6920,43Phi Dra,18:20.8,+71:20,4.22
5735,13Gam UMi,15:20.7,+71:50,3.05
6636,31Psi1Dra,17:41.9,+72:9,4.58
8468,24 Cep,22:9.8,+72:20,4.79
580,50 Cas,02:3.4,+72:25,3.98
6927,44Chi Dra,18:21.1,+72:44,3.57
7352,60Tau Dra,19:15.6,+73:21,4.45
5563,7Bet UMi,14:50.7,+74:9,2.08
932,,03:11.9,+74:24,4.87
8819,33Pi Cep,23:7.9,+75:23,4.41
5430,5 UMi,14:27.5,+75:42,4.25
4126,,10:35.1,+75:43,4.84
6116,21Eta UMi,16:17.5,+75:45,4.95
2527,,07:0.1,+76:59,4.55
5826,15The UMi,15:31.4,+77:21,4.96
5321,4 UMi,14:8.8,+77:33,4.82
8974,35Gam Cep,23:39.3,+77:38,3.21
7750,1Kap Cep,20:8.9,+77:43,4.39
5903,16Zet UMi,15:44.1,+77:48,4.32
3751,,09:37.1,+81:20,4.29
6322,22Eps UMi,16:46.0,+82:2,4.23
2742,,07:31.1,+82:25,4.96
8702,,22:47.5,+83:9,4.74
8748,,22:54.4,+84:21,4.71
285,,01:8.7,+86:15,4.25
6789,23Del UMi,17:32.2,+86:35,4.36
424,1Alp UMi,02:31.8,+89:16,2.02
